CONSENSUS WINNERS
Ticker,Votes,Models,AvgUpside%,Price,Recommendation,TotalDebt,DebtToEquity,FreeCashFlow,OperatingCashFlow
BB,3,"Linear Regression, Neural Net, Deep Learning",550.98,4.33,STRONG BUY,$234.00M,32.27,$7.56M,$33.50M
UWMC,3,"Linear Regression, Random Forest, Deep Learning",479.45,4.85,STRONG BUY,$14.56B,917.18,$1.60B,$-3.29B
ABEV,3,"Neural Net, XGBoost, Deep Learning",703.02,2.48,STRONG BUY,$2.90B,3.12,$16.63B,$25.11B
NIO,2,"Random Forest, Neural Net",280.2,4.93,STRONG BUY,$27.64B,228.66,N/A,N/A
BTE,2,"Linear Regression, Deep Learning",651.78,3.04,STRONG BUY,$2.01B,48.05,$332.80M,$1.73B
ITUB,1,Linear Regression,450.3,7.11,STRONG BUY,$1060.82B,N/A,N/A,$54.47B
PLUG,1,Random Forest,518.37,2.26,STRONG BUY,$991.43M,66.16,$-270.11M,$-518.43M
RIG,1,Random Forest,356.11,3.92,STRONG BUY,$6.22B,77.01,$910.37M,$606.00M
NVDA,1,Linear Regression,498.71,174.14,STRONG BUY,$10.82B,9.10,$53.28B,$83.16B
OPEN,1,Random Forest,263.81,6.28,STRONG BUY,$1.79B,220.34,$732.12M,$899.00M
NOK,1,Neural Net,294.23,6.38,STRONG BUY,$4.06B,20.66,$1.12B,$1.90B
NU,1,Neural Net,280.87,16.27,STRONG BUY,$4.78B,N/A,N/A,$-6.41B
GRAB,1,XGBoost,289.16,4.92,STRONG BUY,$2.14B,32.81,$352.12M,$263.00M
RKT,1,XGBoost,233.75,18.65,STRONG BUY,$22.26B,251.43,$-757.74M,$-854.23M
F,1,XGBoost,166.74,13.32,STRONG BUY,$164.38B,346.67,$3.97B,$20.43B
DNN,1,XGBoost,162.36,2.57,STRONG BUY,$598.51M,148.55,$-41.39M,$-67.73M
BBD,1,Deep Learning,794.11,3.32,STRONG BUY,$768.63B,N/A,N/A,$-216.03B

CONSENSUS LOSERS
Ticker,Votes,Models,AvgUpside%,Price,Recommendation,TotalDebt,DebtToEquity,FreeCashFlow,OperatingCashFlow
RGTI,3,"Linear Regression, Neural Net, Deep Learning",-90.28,22.82,STRONG SELL,$7.60M,2.04,$-39.65M,$-52.19M
ITUB,2,"Neural Net, XGBoost",-72.04,7.11,STRONG SELL,$1060.82B,N/A,N/A,$54.47B
MU,2,"Random Forest, Deep Learning",-44.14,248.55,STRONG SELL,$12.42B,21.13,$512.25M,$22.69B
INSM,2,"Random Forest, Deep Learning",-44.35,166.55,STRONG SELL,$740.13M,78.27,$-439.67M,$-883.40M
INTC,1,Linear Regression,-99.97,36.28,STRONG SELL,$46.55B,39.88,$-4.42B,$8.57B
QBTS,1,Linear Regression,-99.96,24.89,STRONG SELL,$39.79M,5.93,$-36.95M,$-51.59M
PFE,1,Linear Regression,-99.96,25.04,STRONG SELL,$61.94B,66.53,$14.30B,$13.08B
IREN,1,Linear Regression,-99.97,35.8,STRONG SELL,$965.63M,33.57,$-957.13M,$392.15M
AMD,1,Random Forest,-15.98,201.06,STRONG SELL,$3.87B,6.37,$3.25B,$6.41B
TSLA,1,Random Forest,-13.55,483.37,STRONG SELL,$13.79B,17.08,$2.98B,$15.75B
AVGO,1,Random Forest,-45.2,329.88,STRONG SELL,$40.46B,166.03,$25.19B,$27.54B
QS,1,Neural Net,-99.91,11.02,STRONG SELL,$73.00M,6.00,$-116.63M,$-244.98M
JOBY,1,Neural Net,-99.93,13.85,STRONG SELL,$45.60M,5.09,$-308.74M,$-477.22M
RKLB,1,Neural Net,-99.98,59.92,STRONG SELL,$516.62M,40.33,$-111.28M,$-103.38M
NCLH,1,XGBoost,-39.21,21.63,STRONG SELL,$15.35B,699.72,$-1.32B,$2.03B
BTG,1,XGBoost,-43.34,4.49,STRONG SELL,$637.61M,18.92,$45.09M,$725.80M
BTE,1,XGBoost,-55.38,3.04,STRONG SELL,$2.01B,48.05,$332.80M,$1.73B
BBD,1,XGBoost,-99.7,3.32,STRONG SELL,$768.63B,N/A,N/A,$-216.03B
HOOD,1,Deep Learning,-58.16,117.16,STRONG SELL,$16.17B,188.79,N/A,$1.18B
MSTR,1,Deep Learning,-82.57,158.24,STRONG SELL,$8.22B,14.15,$6.90B,$-62.94M
